"Txhash","UnixTimestamp","DateTime","From","To","Value","ContractAddress","TokenName","TokenSymbol"
"0x979b1e0df01ccf2d6e94d5a78f2c14f2554683a97892feb5a12d991dd40709c2","1617878333","2021-04-08 10:38:53","0x2807f0330b5a0347bd890896cb30c11bcb3cf04d","0xaf5a05ebe2d24c5c6a6be222f824a8a0c170daec","190,720.883372992770398294","0xc1c70266ef3dc680e55c5a1c451f664446a9849d","Balancer Pool Token","BPT",""
"0xf22116fd4e80510d547d13a957e6430cc2e5fe2550c74a086735a8e3d71aed2e","1619248736","2021-04-24 07:18:56","0x6d19b2bf3a36a61530909ae65445a906d98a2fa8","0xaf5a05ebe2d24c5c6a6be222f824a8a0c170daec","220.743443119843959721","0xba100000625a3754423978a60c9317c58a424e3d","Balancer","BAL",""
"0xbdc660a53bff6299c7c0ddc5ef0489aae37427ae2e385a99389b818b82f93df1","1619251311","2021-04-24 08:01:51","0xaf5a05ebe2d24c5c6a6be222f824a8a0c170daec","0x9e55244eb98e7861bbd9623f30f3b9fd8eebe64c","110.3715","0xba100000625a3754423978a60c9317c58a424e3d","Balancer","BAL",""
"0xf7e2e78403bae9989e0de9ed83eeb6b0bde0063b4c7b6c931ea1ca7b47343712","1619255268","2021-04-24 09:07:48","0xaf5a05ebe2d24c5c6a6be222f824a8a0c170daec","0x3e66b66fd1d0b02fda6c811da9e0547970db2f21","110.371943119843959721","0xba100000625a3754423978a60c9317c58a424e3d","Balancer","BAL",""
"0xf7e2e78403bae9989e0de9ed83eeb6b0bde0063b4c7b6c931ea1ca7b47343712","1619255268","2021-04-24 09:07:48","0x3e66b66fd1d0b02fda6c811da9e0547970db2f21","0xaf5a05ebe2d24c5c6a6be222f824a8a0c170daec","0.10776606","0x2260fac5e5542a773aa44fbcfedf7c193bc2c599","Wrapped BTC","WBTC",""
"0x7969b30f36c9f14218afc9fcbe095f82e7be8e85df66d98e80d999f1e2e516ea","1619255760","2021-04-24 09:16:00","0xaf5a05ebe2d24c5c6a6be222f824a8a0c170daec","0xefeab4193e37c1567ab6b17eaebc54858b3f0cd3","0.10776606","0x2260fac5e5542a773aa44fbcfedf7c193bc2c599","Wrapped BTC","WBTC",""
"0x7969b30f36c9f14218afc9fcbe095f82e7be8e85df66d98e80d999f1e2e516ea","1619255760","2021-04-24 09:16:00","0xefeab4193e37c1567ab6b17eaebc54858b3f0cd3","0xaf5a05ebe2d24c5c6a6be222f824a8a0c170daec","476.231414897243778019","0xc1c70266ef3dc680e55c5a1c451f664446a9849d","Balancer Pool Token","BPT",""
"0xddafa8a95ed48986ec974edfffc7034f021e2863a3c0bd8d9f7490ac873f49b0","1619965590","2021-05-02 14:26:30","0x6d19b2bf3a36a61530909ae65445a906d98a2fa8","0xaf5a05ebe2d24c5c6a6be222f824a8a0c170daec","141.955505377164428182","0xba100000625a3754423978a60c9317c58a424e3d","Balancer","BAL",""
"0x79362421c87616badb0ed8784fcde8e45442dff99cc65d223fe1eb6923b6b1c4","1619968247","2021-05-02 15:10:47","0xaf5a05ebe2d24c5c6a6be222f824a8a0c170daec","0x9e55244eb98e7861bbd9623f30f3b9fd8eebe64c","70.978","0xba100000625a3754423978a60c9317c58a424e3d","Balancer","BAL",""
"0xc104774d22960aab47c0d50603a0af54edc20ba0b6108d7e24c6c8905c8a6d44","1619972263","2021-05-02 16:17:43","0xaf5a05ebe2d24c5c6a6be222f824a8a0c170daec","0x3e66b66fd1d0b02fda6c811da9e0547970db2f21","70.977505377164428182","0xba100000625a3754423978a60c9317c58a424e3d","Balancer","BAL",""
"0xc104774d22960aab47c0d50603a0af54edc20ba0b6108d7e24c6c8905c8a6d44","1619972263","2021-05-02 16:17:43","0x3e66b66fd1d0b02fda6c811da9e0547970db2f21","0xaf5a05ebe2d24c5c6a6be222f824a8a0c170daec","0.089019289243074726","0x0bc529c00c6401aef6d220be8c6ea1667f6ad93e","yearn.finance","YFI",""
"0x940e5f17b464fade5bfb0cd5365f4fe6d701159e602e9144e144040a763e936b","1619974066","2021-05-02 16:47:46","0xaf5a05ebe2d24c5c6a6be222f824a8a0c170daec","0xefeab4193e37c1567ab6b17eaebc54858b3f0cd3","0.089019289243074726","0x0bc529c00c6401aef6d220be8c6ea1667f6ad93e","yearn.finance","YFI",""
"0x940e5f17b464fade5bfb0cd5365f4fe6d701159e602e9144e144040a763e936b","1619974066","2021-05-02 16:47:46","0xefeab4193e37c1567ab6b17eaebc54858b3f0cd3","0xaf5a05ebe2d24c5c6a6be222f824a8a0c170daec","321.081400768185631752","0xc1c70266ef3dc680e55c5a1c451f664446a9849d","Balancer Pool Token","BPT",""
"0x65b3c8a3b47cdc4bcbd147642e95e57af2ffcb87c284be7a6fe6af964f3cd661","1620213119","2021-05-05 11:11:59","0x6d19b2bf3a36a61530909ae65445a906d98a2fa8","0xaf5a05ebe2d24c5c6a6be222f824a8a0c170daec","135.56956090492761291","0xba100000625a3754423978a60c9317c58a424e3d","Balancer","BAL",""
"0x650339a1a0c3286771f58ca1ef9ccbb1f26a4392861a36b9c09ff8d9971ed070","1620218457","2021-05-05 12:40:57","0xaf5a05ebe2d24c5c6a6be222f824a8a0c170daec","0x9e55244eb98e7861bbd9623f30f3b9fd8eebe64c","67.785","0xba100000625a3754423978a60c9317c58a424e3d","Balancer","BAL",""
"0xcbf614443a305900ff9e67c151bfbcbb3899a61505ca551ca6439ea26880f40b","1620220228","2021-05-05 13:10:28","0xaf5a05ebe2d24c5c6a6be222f824a8a0c170daec","0x3e66b66fd1d0b02fda6c811da9e0547970db2f21","67.78456090492761291","0xba100000625a3754423978a60c9317c58a424e3d","Balancer","BAL",""
"0xcbf614443a305900ff9e67c151bfbcbb3899a61505ca551ca6439ea26880f40b","1620220228","2021-05-05 13:10:28","0x3e66b66fd1d0b02fda6c811da9e0547970db2f21","0xaf5a05ebe2d24c5c6a6be222f824a8a0c170daec","0.08234019","0x2260fac5e5542a773aa44fbcfedf7c193bc2c599","Wrapped BTC","WBTC",""
"0x93a27a31fc15393a79bb1c0379802ce600aa8d1628989dc6daf7fc2988caa39e","1620220435","2021-05-05 13:13:55","0xaf5a05ebe2d24c5c6a6be222f824a8a0c170daec","0xefeab4193e37c1567ab6b17eaebc54858b3f0cd3","0.08234019","0x2260fac5e5542a773aa44fbcfedf7c193bc2c599","Wrapped BTC","WBTC",""
"0x93a27a31fc15393a79bb1c0379802ce600aa8d1628989dc6daf7fc2988caa39e","1620220435","2021-05-05 13:13:55","0xefeab4193e37c1567ab6b17eaebc54858b3f0cd3","0xaf5a05ebe2d24c5c6a6be222f824a8a0c170daec","332.407577870553054792","0xc1c70266ef3dc680e55c5a1c451f664446a9849d","Balancer Pool Token","BPT",""
"0x50b71a27a625e8394ccfeed0a22052a31a3c7458a190433d00d0c5514c455308","1621073125","2021-05-15 10:05:25","0x6d19b2bf3a36a61530909ae65445a906d98a2fa8","0xaf5a05ebe2d24c5c6a6be222f824a8a0c170daec","135.694857568812153659","0xba100000625a3754423978a60c9317c58a424e3d","Balancer","BAL",""
"0x8f85e12c6b685143a0d667631b994ecdc74c79d4f09b886899562715d32f24aa","1621079057","2021-05-15 11:44:17","0xaf5a05ebe2d24c5c6a6be222f824a8a0c170daec","0x9e55244eb98e7861bbd9623f30f3b9fd8eebe64c","67.847","0xba100000625a3754423978a60c9317c58a424e3d","Balancer","BAL",""
"0x678b3625f28d5b535c46c5cf13f7cde0619c666b88297d1468bdc929b5da7996","1621080475","2021-05-15 12:07:55","0xaf5a05ebe2d24c5c6a6be222f824a8a0c170daec","0x3e66b66fd1d0b02fda6c811da9e0547970db2f21","67.847857568812153659","0xba100000625a3754423978a60c9317c58a424e3d","Balancer","BAL",""
"0x678b3625f28d5b535c46c5cf13f7cde0619c666b88297d1468bdc929b5da7996","1621080475","2021-05-15 12:07:55","0x3e66b66fd1d0b02fda6c811da9e0547970db2f21","0xaf5a05ebe2d24c5c6a6be222f824a8a0c170daec","0.08376101","0x2260fac5e5542a773aa44fbcfedf7c193bc2c599","Wrapped BTC","WBTC",""
"0x94d676e72fd09ae0f92d40f50355aff92bb8f5ee97059b5e420533297c71b528","1621103985","2021-05-15 18:39:45","0xaf5a05ebe2d24c5c6a6be222f824a8a0c170daec","0xefeab4193e37c1567ab6b17eaebc54858b3f0cd3","0.08376101","0x2260fac5e5542a773aa44fbcfedf7c193bc2c599","Wrapped BTC","WBTC",""
"0x94d676e72fd09ae0f92d40f50355aff92bb8f5ee97059b5e420533297c71b528","1621103985","2021-05-15 18:39:45","0xefeab4193e37c1567ab6b17eaebc54858b3f0cd3","0xaf5a05ebe2d24c5c6a6be222f824a8a0c170daec","281.32540687314390221","0xc1c70266ef3dc680e55c5a1c451f664446a9849d","Balancer Pool Token","BPT",""
"0x0b0baa073dd3397600d746390d1d9126720906097533cf1aecc73cffe07dfb0d","1622382680","2021-05-30 13:51:20","0x6d19b2bf3a36a61530909ae65445a906d98a2fa8","0xaf5a05ebe2d24c5c6a6be222f824a8a0c170daec","299.933773749111196593","0xba100000625a3754423978a60c9317c58a424e3d","Balancer","BAL",""
"0xe4de00e2ef7a83dd473e53fcef998a4aba72b07b4ad4aa2226c5c465ea9d0704","1622386009","2021-05-30 14:46:49","0xaf5a05ebe2d24c5c6a6be222f824a8a0c170daec","0xba12222222228d8ba445958a75a0704d566bf2c8","299.933773749111196593","0xba100000625a3754423978a60c9317c58a424e3d","Balancer","BAL",""
"0xe4de00e2ef7a83dd473e53fcef998a4aba72b07b4ad4aa2226c5c465ea9d0704","1622386009","2021-05-30 14:46:49","0xba12222222228d8ba445958a75a0704d566bf2c8","0xaf5a05ebe2d24c5c6a6be222f824a8a0c170daec","0.23267768","0x2260fac5e5542a773aa44fbcfedf7c193bc2c599","Wrapped BTC","WBTC",""
"0xb367e5db944c5595850010bf1c7990d81b11fcb4fdc51563879fcb829d788b06","1622387396","2021-05-30 15:09:56","0xaf5a05ebe2d24c5c6a6be222f824a8a0c170daec","0xefeab4193e37c1567ab6b17eaebc54858b3f0cd3","0.23267768","0x2260fac5e5542a773aa44fbcfedf7c193bc2c599","Wrapped BTC","WBTC",""
"0xb367e5db944c5595850010bf1c7990d81b11fcb4fdc51563879fcb829d788b06","1622387396","2021-05-30 15:09:56","0xefeab4193e37c1567ab6b17eaebc54858b3f0cd3","0xaf5a05ebe2d24c5c6a6be222f824a8a0c170daec","909.889645249717299786","0xc1c70266ef3dc680e55c5a1c451f664446a9849d","Balancer Pool Token","BPT",""
"0xee44981041d0ecf7d4dfa970cbe2869823ae75bcd9ff12b763fcdad0e2af7886","1622832023","2021-06-04 18:40:23","0x6d19b2bf3a36a61530909ae65445a906d98a2fa8","0xaf5a05ebe2d24c5c6a6be222f824a8a0c170daec","152.786314072230965166","0xba100000625a3754423978a60c9317c58a424e3d","Balancer","BAL",""
"0x673703468c9da4c1c5ae4460f9b24baf3ed738c3793742fd38fc796a26362c3d","1622835589","2021-06-04 19:39:49","0xaf5a05ebe2d24c5c6a6be222f824a8a0c170daec","0x9e55244eb98e7861bbd9623f30f3b9fd8eebe64c","76.393","0xba100000625a3754423978a60c9317c58a424e3d","Balancer","BAL",""
"0xf010e4f975baeba4e4ba3d5ba189d0d85a034d71223e423db3b9f30657b83041","1622838474","2021-06-04 20:27:54","0xaf5a05ebe2d24c5c6a6be222f824a8a0c170daec","0x3e66b66fd1d0b02fda6c811da9e0547970db2f21","76.393314072230965166","0xba100000625a3754423978a60c9317c58a424e3d","Balancer","BAL",""
"0xf010e4f975baeba4e4ba3d5ba189d0d85a034d71223e423db3b9f30657b83041","1622838474","2021-06-04 20:27:54","0x3e66b66fd1d0b02fda6c811da9e0547970db2f21","0xaf5a05ebe2d24c5c6a6be222f824a8a0c170daec","0.052342766468406191","0x0bc529c00c6401aef6d220be8c6ea1667f6ad93e","yearn.finance","YFI",""
"0x9735b2d44d52690ff6101ce78fe1a3bffb0d6d79bb034b776c8ed51c3244714c","1622839079","2021-06-04 20:37:59","0xaf5a05ebe2d24c5c6a6be222f824a8a0c170daec","0xefeab4193e37c1567ab6b17eaebc54858b3f0cd3","0.052342766468406191","0x0bc529c00c6401aef6d220be8c6ea1667f6ad93e","yearn.finance","YFI",""
"0x9735b2d44d52690ff6101ce78fe1a3bffb0d6d79bb034b776c8ed51c3244714c","1622839079","2021-06-04 20:37:59","0xefeab4193e37c1567ab6b17eaebc54858b3f0cd3","0xaf5a05ebe2d24c5c6a6be222f824a8a0c170daec","239.364105523090428424","0xc1c70266ef3dc680e55c5a1c451f664446a9849d","Balancer Pool Token","BPT",""
"0xf1751f70a81bf3e7ee37987afbfcd00804c9ecbddcbc25c07b41bdf5bad83d8b","1623610245","2021-06-13 18:50:45","0x6d19b2bf3a36a61530909ae65445a906d98a2fa8","0xaf5a05ebe2d24c5c6a6be222f824a8a0c170daec","141.509161974126499217","0xba100000625a3754423978a60c9317c58a424e3d","Balancer","BAL",""
"0x29d13caf1e5c4887f1a66887502bd20d27646eef1fe58b5bcb27fbea42b4f6a1","1623610867","2021-06-13 19:01:07","0xaf5a05ebe2d24c5c6a6be222f824a8a0c170daec","0x9e55244eb98e7861bbd9623f30f3b9fd8eebe64c","70.7545","0xba100000625a3754423978a60c9317c58a424e3d","Balancer","BAL",""
"0x572f248c52ce1a98eead2a5da2517da3e0a195065eb7fe1d684997c3eebdb531","1623612871","2021-06-13 19:34:31","0xaf5a05ebe2d24c5c6a6be222f824a8a0c170daec","0x3e66b66fd1d0b02fda6c811da9e0547970db2f21","70.754661974126499217","0xba100000625a3754423978a60c9317c58a424e3d","Balancer","BAL",""
"0x572f248c52ce1a98eead2a5da2517da3e0a195065eb7fe1d684997c3eebdb531","1623612871","2021-06-13 19:34:31","0x3e66b66fd1d0b02fda6c811da9e0547970db2f21","0xaf5a05ebe2d24c5c6a6be222f824a8a0c170daec","0.043188809974937141","0x0bc529c00c6401aef6d220be8c6ea1667f6ad93e","yearn.finance","YFI",""
"0x71fbf0a55d11bc74014deddf754e8c612fc585c0fde0842c845321aaa740a5cd","1623612965","2021-06-13 19:36:05","0xaf5a05ebe2d24c5c6a6be222f824a8a0c170daec","0xefeab4193e37c1567ab6b17eaebc54858b3f0cd3","0.043188809974937141","0x0bc529c00c6401aef6d220be8c6ea1667f6ad93e","yearn.finance","YFI",""
"0x71fbf0a55d11bc74014deddf754e8c612fc585c0fde0842c845321aaa740a5cd","1623612965","2021-06-13 19:36:05","0xefeab4193e37c1567ab6b17eaebc54858b3f0cd3","0xaf5a05ebe2d24c5c6a6be222f824a8a0c170daec","190.681768463624608745","0xc1c70266ef3dc680e55c5a1c451f664446a9849d","Balancer Pool Token","BPT",""
"0x1ba2022c26f25201ee7f039f0089cbd87126ba29e3b61d8706e499982f3d7b5d","1624303825","2021-06-21 19:30:25","0x6d19b2bf3a36a61530909ae65445a906d98a2fa8","0xaf5a05ebe2d24c5c6a6be222f824a8a0c170daec","122.037605785125563784","0xba100000625a3754423978a60c9317c58a424e3d","Balancer","BAL",""
"0x12dcb1e95b7f3e043140dbde11e6c0830737b2a5bda6c905085ce6429913cdd8","1624347481","2021-06-22 07:38:01","0xaf5a05ebe2d24c5c6a6be222f824a8a0c170daec","0xc1c70266ef3dc680e55c5a1c451f664446a9849d","193,471.864692638329102022","0xc1c70266ef3dc680e55c5a1c451f664446a9849d","Balancer Pool Token","BPT",""
"0x12dcb1e95b7f3e043140dbde11e6c0830737b2a5bda6c905085ce6429913cdd8","1624347481","2021-06-22 07:38:01","0xc1c70266ef3dc680e55c5a1c451f664446a9849d","0xaf5a05ebe2d24c5c6a6be222f824a8a0c170daec","16.31309592","0x2260fac5e5542a773aa44fbcfedf7c193bc2c599","Wrapped BTC","WBTC",""
"0x12dcb1e95b7f3e043140dbde11e6c0830737b2a5bda6c905085ce6429913cdd8","1624347481","2021-06-22 07:38:01","0xc1c70266ef3dc680e55c5a1c451f664446a9849d","0xaf5a05ebe2d24c5c6a6be222f824a8a0c170daec","17.691578989505965433","0x0bc529c00c6401aef6d220be8c6ea1667f6ad93e","yearn.finance","YFI",""
"0x12dcb1e95b7f3e043140dbde11e6c0830737b2a5bda6c905085ce6429913cdd8","1624347481","2021-06-22 07:38:01","0xc1c70266ef3dc680e55c5a1c451f664446a9849d","0xaf5a05ebe2d24c5c6a6be222f824a8a0c170daec","8,147.531659292418605926","0xba100000625a3754423978a60c9317c58a424e3d","Balancer","BAL",""
"0x12dcb1e95b7f3e043140dbde11e6c0830737b2a5bda6c905085ce6429913cdd8","1624347481","2021-06-22 07:38:01","0xc1c70266ef3dc680e55c5a1c451f664446a9849d","0xaf5a05ebe2d24c5c6a6be222f824a8a0c170daec","571.2879278655439155","0xc00e94cb662c3520282e6f5717214004a7f26888","Compound","COMP",""
"0x10e3616ef7e5a6becb643ca1557941b3b1d72b5eb197ea534281a703849c5844","1624704723","2021-06-26 10:52:03","0xaf5a05ebe2d24c5c6a6be222f824a8a0c170daec","0x22efb23e6e98aa9f43afdd4286ab2d72d45d06fb","8,269.56926507754416971","0xba100000625a3754423978a60c9317c58a424e3d","Balancer","BAL",""
"0x3ce73f24a3d23451ac9d4740638bb82b57f04c9b761ae9830d41ad97765d1513","1624704724","2021-06-26 10:52:04","0xaf5a05ebe2d24c5c6a6be222f824a8a0c170daec","0x22efb23e6e98aa9f43afdd4286ab2d72d45d06fb","16.31309592","0x2260fac5e5542a773aa44fbcfedf7c193bc2c599","Wrapped BTC","WBTC",""
"0x84690c99f36cd56deea071ed9da5dac3ff77f01252b27768394256ddd37752f4","1624704724","2021-06-26 10:52:04","0xaf5a05ebe2d24c5c6a6be222f824a8a0c170daec","0x22efb23e6e98aa9f43afdd4286ab2d72d45d06fb","17.691578989505965433","0x0bc529c00c6401aef6d220be8c6ea1667f6ad93e","yearn.finance","YFI",""
"0xe3fa63c4a84deb77334fdc115615d5f152bd901b60d11adf399e558dc64e895f","1624704801","2021-06-26 10:53:21","0xaf5a05ebe2d24c5c6a6be222f824a8a0c170daec","0x22efb23e6e98aa9f43afdd4286ab2d72d45d06fb","571.2879278655439155","0xc00e94cb662c3520282e6f5717214004a7f26888","Compound","COMP",""
"0x8f5e1bf380ce795ae44ff940069c5f011cfe5f6878f09e285df155cddce831d2","1625785089","2021-07-08 22:58:09","0x21a31ee1afc51d94c2efccaa2092ad1028285549","0xaf5a05ebe2d24c5c6a6be222f824a8a0c170daec","17,709.596912","0x1f9840a85d5af5bf1d1762f925bdaddc4201f984","Uniswap","UNI",""
"0x30ba1e29c87977205f01e97a7d107fe6b47c7df214a7d804054a3a44508d547b","1625785124","2021-07-08 22:58:44","0x28c6c06298d514db089934071355e5743bf21d60","0xaf5a05ebe2d24c5c6a6be222f824a8a0c170daec","562,847.93","0x0f5d2fb29fb7d3cfee444a200298f468908cc942","Decentraland","MANA",""
"0x7e4ab40d81aea0a23ddffb54636c20108197b26117b91636d9ec064e8f8195eb","1625785250","2021-07-08 23:00:50","0x21a31ee1afc51d94c2efccaa2092ad1028285549","0xaf5a05ebe2d24c5c6a6be222f824a8a0c170daec","204,016.106","0xd533a949740bb3306d119cc777fa900ba034cd52","Curve DAO Token","CRV",""
"0x52724d732d8133b0571aaad25f44d968b02c65a809ac4b2a2f0cea3ee1ac3d84","1625785493","2021-07-08 23:04:53","0xdfd5293d8e347dfe59e90efd55b2956a1343963d","0xaf5a05ebe2d24c5c6a6be222f824a8a0c170daec","38,188.567","0x6b3595068778dd592e39a122f4f5a5cf09c90fe2","SushiToken","SUSHI",""
"0xf43484100d02ce02b7fd6ad457d2dce14a0d7af77b146c65cd608ebb571a0462","1625818194","2021-07-09 08:09:54","0x9e55244eb98e7861bbd9623f30f3b9fd8eebe64c","0xaf5a05ebe2d24c5c6a6be222f824a8a0c170daec","6,222.3551","0x6b3595068778dd592e39a122f4f5a5cf09c90fe2","SushiToken","SUSHI",""
"0xe86fcc8b04cd0dcbe7fdd65ce7a1d36a7e19e16739e39b95a630daaa7bfd91b3","1625820450","2021-07-09 08:47:30","0xaf5a05ebe2d24c5c6a6be222f824a8a0c170daec","0xefeab4193e37c1567ab6b17eaebc54858b3f0cd3","17,119.27836717452600875","0x1f9840a85d5af5bf1d1762f925bdaddc4201f984","Uniswap","UNI",""
"0xe86fcc8b04cd0dcbe7fdd65ce7a1d36a7e19e16739e39b95a630daaa7bfd91b3","1625820450","2021-07-09 08:47:30","0xaf5a05ebe2d24c5c6a6be222f824a8a0c170daec","0xefeab4193e37c1567ab6b17eaebc54858b3f0cd3","43,853.493899474470734744","0x6b3595068778dd592e39a122f4f5a5cf09c90fe2","SushiToken","SUSHI",""
"0xe86fcc8b04cd0dcbe7fdd65ce7a1d36a7e19e16739e39b95a630daaa7bfd91b3","1625820450","2021-07-09 08:47:30","0xaf5a05ebe2d24c5c6a6be222f824a8a0c170daec","0xefeab4193e37c1567ab6b17eaebc54858b3f0cd3","203,551.188446693641618497","0xd533a949740bb3306d119cc777fa900ba034cd52","Curve DAO Token","CRV",""
"0xe86fcc8b04cd0dcbe7fdd65ce7a1d36a7e19e16739e39b95a630daaa7bfd91b3","1625820450","2021-07-09 08:47:30","0xaf5a05ebe2d24c5c6a6be222f824a8a0c170daec","0xefeab4193e37c1567ab6b17eaebc54858b3f0cd3","562,847.93","0x0f5d2fb29fb7d3cfee444a200298f468908cc942","Decentraland","MANA",""
"0xe86fcc8b04cd0dcbe7fdd65ce7a1d36a7e19e16739e39b95a630daaa7bfd91b3","1625820450","2021-07-09 08:47:30","0xefeab4193e37c1567ab6b17eaebc54858b3f0cd3","0xaf5a05ebe2d24c5c6a6be222f824a8a0c170daec","100","0x9af9c7016e9a759b1a1c9d31ffce04b31a5456bf","Balancer Pool Token","BPT",""
"0xb9eb4fbd5fc15fa75faca03a12475db011f62bfc1e4e90f0d8146b345733fb00","1625820607","2021-07-09 08:50:07","0xaf5a05ebe2d24c5c6a6be222f824a8a0c170daec","0x9e55244eb98e7861bbd9623f30f3b9fd8eebe64c","590.31854482547399125","0x1f9840a85d5af5bf1d1762f925bdaddc4201f984","Uniswap","UNI",""
"0x11509d87649dc0540d5341a8f12ffb856dc87bbcfd908f4db70f9863f21f6330","1625820735","2021-07-09 08:52:15","0xaf5a05ebe2d24c5c6a6be222f824a8a0c170daec","0x9e55244eb98e7861bbd9623f30f3b9fd8eebe64c","557.428200525529265256","0x6b3595068778dd592e39a122f4f5a5cf09c90fe2","SushiToken","SUSHI",""
"0x8bc9e5eff57284d9c63d77aae994b92c0fd12e3383322c24e631df4553553784","1626094990","2021-07-12 13:03:10","0x6d19b2bf3a36a61530909ae65445a906d98a2fa8","0xaf5a05ebe2d24c5c6a6be222f824a8a0c170daec","139.412133131406292819","0xba100000625a3754423978a60c9317c58a424e3d","Balancer","BAL",""
"0x7ef0312e6fb447904c0007207cf094ec7a6cd648ee523e1fedea71b2ad7259c8","1626095442","2021-07-12 13:10:42","0xaf5a05ebe2d24c5c6a6be222f824a8a0c170daec","0x9e55244eb98e7861bbd9623f30f3b9fd8eebe64c","69.706","0xba100000625a3754423978a60c9317c58a424e3d","Balancer","BAL",""
"0x642190189d7f07dcabb3b16580087ce23cbfa491830e8d1c07a8cecc4159d05b","1626100465","2021-07-12 14:34:25","0xaf5a05ebe2d24c5c6a6be222f824a8a0c170daec","0xba12222222228d8ba445958a75a0704d566bf2c8","69.706133131406292819","0xba100000625a3754423978a60c9317c58a424e3d","Balancer","BAL",""
"0x642190189d7f07dcabb3b16580087ce23cbfa491830e8d1c07a8cecc4159d05b","1626100465","2021-07-12 14:34:25","0xba12222222228d8ba445958a75a0704d566bf2c8","0xaf5a05ebe2d24c5c6a6be222f824a8a0c170daec","73.746061347321327812","0x1f9840a85d5af5bf1d1762f925bdaddc4201f984","Uniswap","UNI",""
"0xfc9e9a6d8987238f8b6eda7160865f1adf5ad84752f0a2ba27ba4384c95b659e","1626100520","2021-07-12 14:35:20","0xaf5a05ebe2d24c5c6a6be222f824a8a0c170daec","0xefeab4193e37c1567ab6b17eaebc54858b3f0cd3","73.746061347321327812","0x1f9840a85d5af5bf1d1762f925bdaddc4201f984","Uniswap","UNI",""
"0xfc9e9a6d8987238f8b6eda7160865f1adf5ad84752f0a2ba27ba4384c95b659e","1626100520","2021-07-12 14:35:20","0xefeab4193e37c1567ab6b17eaebc54858b3f0cd3","0xaf5a05ebe2d24c5c6a6be222f824a8a0c170daec","0.104044908207153177","0x9af9c7016e9a759b1a1c9d31ffce04b31a5456bf","Balancer Pool Token","BPT",""
"0x4280eac5183ff81874fd131bae6e3c5141c2c13f1fe69f48bcbdda1fee9a0df5","1626100561","2021-07-12 14:36:01","0xaf5a05ebe2d24c5c6a6be222f824a8a0c170daec","0xefeab4193e37c1567ab6b17eaebc54858b3f0cd3","464.917553306358381503","0xd533a949740bb3306d119cc777fa900ba034cd52","Curve DAO Token","CRV",""
"0x4280eac5183ff81874fd131bae6e3c5141c2c13f1fe69f48bcbdda1fee9a0df5","1626100561","2021-07-12 14:36:01","0xefeab4193e37c1567ab6b17eaebc54858b3f0cd3","0xaf5a05ebe2d24c5c6a6be222f824a8a0c170daec","0.055691371380092927","0x9af9c7016e9a759b1a1c9d31ffce04b31a5456bf","Balancer Pool Token","BPT",""
"0x85e7e1addcc82757887bdddfc9a3f898786c6585d98d1d314b997b906850a5fa","1627218750","2021-07-25 13:12:30","0xaf5a05ebe2d24c5c6a6be222f824a8a0c170daec","0x9af9c7016e9a759b1a1c9d31ffce04b31a5456bf","100.159736279587246104","0x9af9c7016e9a759b1a1c9d31ffce04b31a5456bf","Balancer Pool Token","BPT",""
"0x85e7e1addcc82757887bdddfc9a3f898786c6585d98d1d314b997b906850a5fa","1627218750","2021-07-25 13:12:30","0x9af9c7016e9a759b1a1c9d31ffce04b31a5456bf","0xaf5a05ebe2d24c5c6a6be222f824a8a0c170daec","18,928.946161257063901423","0x1f9840a85d5af5bf1d1762f925bdaddc4201f984","Uniswap","UNI",""
"0x85e7e1addcc82757887bdddfc9a3f898786c6585d98d1d314b997b906850a5fa","1627218750","2021-07-25 13:12:30","0x9af9c7016e9a759b1a1c9d31ffce04b31a5456bf","0xaf5a05ebe2d24c5c6a6be222f824a8a0c170daec","42,452.11827115075587003","0x6b3595068778dd592e39a122f4f5a5cf09c90fe2","SushiToken","SUSHI",""
"0x85e7e1addcc82757887bdddfc9a3f898786c6585d98d1d314b997b906850a5fa","1627218750","2021-07-25 13:12:30","0x9af9c7016e9a759b1a1c9d31ffce04b31a5456bf","0xaf5a05ebe2d24c5c6a6be222f824a8a0c170daec","226,127.828634814973645188","0xd533a949740bb3306d119cc777fa900ba034cd52","Curve DAO Token","CRV",""
"0x85e7e1addcc82757887bdddfc9a3f898786c6585d98d1d314b997b906850a5fa","1627218750","2021-07-25 13:12:30","0x9af9c7016e9a759b1a1c9d31ffce04b31a5456bf","0xaf5a05ebe2d24c5c6a6be222f824a8a0c170daec","480,054.201717282312141531","0x0f5d2fb29fb7d3cfee444a200298f468908cc942","Decentraland","MANA",""
"0xf0defead405bf0c20fd51b64a25a14510968b84398f336d2aa4905a01e3c6cbd","1638418793","2021-12-02 04:19:53","0x1412eca9dc7daef60451e3155bb8dbf9da349933","0xaf5a05ebe2d24c5c6a6be222f824a8a0c170daec","0.000000000000093989","0x1412eca9dc7daef60451e3155bb8dbf9da349933","A68.net","A68.net",""
"0x2af3284473ba2b883b9197ff224cde56a4b1321a85d6b864299463bb23c7007a","1638419074","2021-12-02 04:24:34","0x1412eca9dc7daef60451e3155bb8dbf9da349933","0xaf5a05ebe2d24c5c6a6be222f824a8a0c170daec","93,989.28","0x1412eca9dc7daef60451e3155bb8dbf9da349933","A68.net","A68.net",""
"0xcb603ee893d537bef7ef64474299516ca97e003a0852ac3f7772449a7c506588","1643713759","2022-02-01 11:09:19","0xaf5a05ebe2d24c5c6a6be222f824a8a0c170daec","0x9008d19f58aabd9ed0d60971565aa8510560ab41","8,000","0x6b3595068778dd592e39a122f4f5a5cf09c90fe2","SushiToken","SUSHI",""
"0xcb603ee893d537bef7ef64474299516ca97e003a0852ac3f7772449a7c506588","1643713759","2022-02-01 11:09:19","0x9008d19f58aabd9ed0d60971565aa8510560ab41","0xaf5a05ebe2d24c5c6a6be222f824a8a0c170daec","25,366.5595273","0xcfeaead4947f0705a14ec42ac3d44129e1ef3ed5","Notional","NOTE",""
"0xdf5c424435e546686e7f13a8dce15595b9c6cdef84125ed93e4e64fad817f0b4","1643713904","2022-02-01 11:11:44","0xaf5a05ebe2d24c5c6a6be222f824a8a0c170daec","0x9008d19f58aabd9ed0d60971565aa8510560ab41","9,000","0x1f9840a85d5af5bf1d1762f925bdaddc4201f984","Uniswap","UNI",""
"0xdf5c424435e546686e7f13a8dce15595b9c6cdef84125ed93e4e64fad817f0b4","1643713904","2022-02-01 11:11:44","0x9008d19f58aabd9ed0d60971565aa8510560ab41","0xaf5a05ebe2d24c5c6a6be222f824a8a0c170daec","36.943498872280966821","0xc02aaa39b223fe8d0a0e5c4f27ead9083c756cc2","Wrapped Ether","WETH",""
"0xd81a8a4f9d174e6f57244809fc92fc7e439eb02afbedb9c2d92db78786c2f6e3","1643714106","2022-02-01 11:15:06","0x0000000000000000000000000000000000000000","0xaf5a05ebe2d24c5c6a6be222f824a8a0c170daec","1,078.119217593564502569","0x5f7fa48d765053f8dd85e052843e12d23e3d7bc5","NOTE/WETH Weighted Pool","NWWP",""
"0xd81a8a4f9d174e6f57244809fc92fc7e439eb02afbedb9c2d92db78786c2f6e3","1643714106","2022-02-01 11:15:06","0xaf5a05ebe2d24c5c6a6be222f824a8a0c170daec","0xba12222222228d8ba445958a75a0704d566bf2c8","13.001908797869134993","0xc02aaa39b223fe8d0a0e5c4f27ead9083c756cc2","Wrapped Ether","WETH",""
"0xd81a8a4f9d174e6f57244809fc92fc7e439eb02afbedb9c2d92db78786c2f6e3","1643714106","2022-02-01 11:15:06","0xaf5a05ebe2d24c5c6a6be222f824a8a0c170daec","0xba12222222228d8ba445958a75a0704d566bf2c8","25,366.5595273","0xcfeaead4947f0705a14ec42ac3d44129e1ef3ed5","Notional","NOTE",""
"0xe90c278ec2517bc680abed21d0e2b96f2c9d7112f8f6a010352166f16dc39b00","1643981240","2022-02-04 13:27:20","0xaf5a05ebe2d24c5c6a6be222f824a8a0c170daec","0x9008d19f58aabd9ed0d60971565aa8510560ab41","5,000","0x0f5d2fb29fb7d3cfee444a200298f468908cc942","Decentraland","MANA",""
"0xe90c278ec2517bc680abed21d0e2b96f2c9d7112f8f6a010352166f16dc39b00","1643981240","2022-02-04 13:27:20","0x9008d19f58aabd9ed0d60971565aa8510560ab41","0xaf5a05ebe2d24c5c6a6be222f824a8a0c170daec","245,818.741628670361362123","0x2d94aa3e47d9d5024503ca8491fce9a2fb4da198","Bankless Token","BANK",""
"0x5c377376bcd692e969f4938c216762d2f7ce4b572fc0bffe513bbb2416fb32e3","1643981726","2022-02-04 13:35:26","0xaf5a05ebe2d24c5c6a6be222f824a8a0c170daec","0x9008d19f58aabd9ed0d60971565aa8510560ab41","5,000","0x0f5d2fb29fb7d3cfee444a200298f468908cc942","Decentraland","MANA",""
"0x5c377376bcd692e969f4938c216762d2f7ce4b572fc0bffe513bbb2416fb32e3","1643981726","2022-02-04 13:35:26","0x9008d19f58aabd9ed0d60971565aa8510560ab41","0xaf5a05ebe2d24c5c6a6be222f824a8a0c170daec","241,746.32210020849846834","0x2d94aa3e47d9d5024503ca8491fce9a2fb4da198","Bankless Token","BANK",""
"0x688a8ae60ba88169ada814dcfdaa2a0c92a231c12e95d8c593d9149e4dae62f1","1643981914","2022-02-04 13:38:34","0x0000000000000000000000000000000000000000","0xaf5a05ebe2d24c5c6a6be222f824a8a0c170daec","77,531.287557066377248125","0x87165b659ba7746907a48763063efa3b323c2b07","BANKLESS DAO Bulls","80BANK-20WETH",""
"0x688a8ae60ba88169ada814dcfdaa2a0c92a231c12e95d8c593d9149e4dae62f1","1643981914","2022-02-04 13:38:34","0xaf5a05ebe2d24c5c6a6be222f824a8a0c170daec","0xba12222222228d8ba445958a75a0704d566bf2c8","487,565.063728878859830463","0x2d94aa3e47d9d5024503ca8491fce9a2fb4da198","Bankless Token","BANK",""
"0x688a8ae60ba88169ada814dcfdaa2a0c92a231c12e95d8c593d9149e4dae62f1","1643981914","2022-02-04 13:38:34","0xaf5a05ebe2d24c5c6a6be222f824a8a0c170daec","0xba12222222228d8ba445958a75a0704d566bf2c8","2.34722634999984785","0xc02aaa39b223fe8d0a0e5c4f27ead9083c756cc2","Wrapped Ether","WETH",""
"0x0b1930ba9b34a5c1481b3a2cd4b7f2a5efc635cae7ef0d969503831a9620b1a6","1644942057","2022-02-15 16:20:57","0xba12222222228d8ba445958a75a0704d566bf2c8","0xaf5a05ebe2d24c5c6a6be222f824a8a0c170daec","14.94716764","0xba100000625a3754423978a60c9317c58a424e3d","Balancer","BAL",""
"0x0b1930ba9b34a5c1481b3a2cd4b7f2a5efc635cae7ef0d969503831a9620b1a6","1644942057","2022-02-15 16:20:57","0xba12222222228d8ba445958a75a0704d566bf2c8","0xaf5a05ebe2d24c5c6a6be222f824a8a0c170daec","626.87036383","0xcfeaead4947f0705a14ec42ac3d44129e1ef3ed5","Notional","NOTE",""
"0xcedddf3ea1979e18dfae8fa16089149b11b86873fd4249fd130d4128cd870c05","1644951847","2022-02-15 19:04:07","0xd784927ff2f95ba542bfc824c8a8a98f3495f6b5","0xaf5a05ebe2d24c5c6a6be222f824a8a0c170daec","627,052.859878764283729026","0x6a007e207e50b4c6b2adcfc6a873f6e698645fe3","Lens Protocol","LENS",""
"0xacfac341722085dc9d3ea25777ef78a266e0040dee29d2d085fe807f14ee15a4","1644952166","2022-02-15 19:09:26","0xff45517f3df6e5ddce34021ac8a0643a1f8b82ba","0xaf5a05ebe2d24c5c6a6be222f824a8a0c170daec","6,579,699.560477884625622433","0x6a007e207e50b4c6b2adcfc6a873f6e698645fe3","Lens Protocol","LENS",""
"0x2e9c98927c4743604d90f555d570c067c8ac33f6a40eeaa96b78070999f53d27","1644965205","2022-02-15 22:46:45","0xff45517f3df6e5ddce34021ac8a0643a1f8b82ba","0xaf5a05ebe2d24c5c6a6be222f824a8a0c170daec","6,579,699.560477884625622433","0x6a007e207e50b4c6b2adcfc6a873f6e698645fe3","Lens Protocol","LENS",""
"0x53453c08ba770bc6404859f62eae120cc897f84819da9dea165f07657524e11d","1645001053","2022-02-16 08:44:13","0x25f2226b597e8f9514b3f68f00f494cf4f286491","0xaf5a05ebe2d24c5c6a6be222f824a8a0c170daec","784,422.056833862781568908","0x0c7d3abede1e5546d2c2b0807fd52b29d3f8bacf","Lens Protocol","LENS",""
"0x72373ea9a3cdf1dca829aeda49d8343e6fc83636bdc6d808bc6eca4bc30e96de","1645026097","2022-02-16 15:41:37","0xaf5a05ebe2d24c5c6a6be222f824a8a0c170daec","0x9008d19f58aabd9ed0d60971565aa8510560ab41","14.94716764","0xba100000625a3754423978a60c9317c58a424e3d","Balancer","BAL",""
"0x72373ea9a3cdf1dca829aeda49d8343e6fc83636bdc6d808bc6eca4bc30e96de","1645026097","2022-02-16 15:41:37","0x9008d19f58aabd9ed0d60971565aa8510560ab41","0xaf5a05ebe2d24c5c6a6be222f824a8a0c170daec","203.42951795","0xcfeaead4947f0705a14ec42ac3d44129e1ef3ed5","Notional","NOTE",""
"0x5c55a866374312f35aa39b598b2f65c2fd1eca14da48fbf1e21af150afff6669","1645026191","2022-02-16 15:43:11","0x0000000000000000000000000000000000000000","0xaf5a05ebe2d24c5c6a6be222f824a8a0c170daec","28.571264806455142539","0x5f7fa48d765053f8dd85e052843e12d23e3d7bc5","NOTE/WETH Weighted Pool","NWWP",""
"0x5c55a866374312f35aa39b598b2f65c2fd1eca14da48fbf1e21af150afff6669","1645026191","2022-02-16 15:43:11","0xaf5a05ebe2d24c5c6a6be222f824a8a0c170daec","0xba12222222228d8ba445958a75a0704d566bf2c8","0.280471939975612841","0xc02aaa39b223fe8d0a0e5c4f27ead9083c756cc2","Wrapped Ether","WETH",""
"0x5c55a866374312f35aa39b598b2f65c2fd1eca14da48fbf1e21af150afff6669","1645026191","2022-02-16 15:43:11","0xaf5a05ebe2d24c5c6a6be222f824a8a0c170daec","0xba12222222228d8ba445958a75a0704d566bf2c8","830.29988178","0xcfeaead4947f0705a14ec42ac3d44129e1ef3ed5","Notional","NOTE",""
"0x4494b7b387dccfe0dd7d7d254b6ada159a07514b7802343aaa81a32165dd68d3","1645051870","2022-02-16 22:51:10","0xfeb4acf3df3cdea7399794d0869ef76a6efaff52","0xaf5a05ebe2d24c5c6a6be222f824a8a0c170daec","784,422.056833862781568908","0x875bf9be244970b8572dd042053508bf758371ee","Solidly","SOLID",""
"0xcbf69e0e534d3ab80c8b467a0a4697821585e5f3a416c5521f633c81ff558be2","1645113788","2022-02-17 16:03:08","0x516de442f09bdfff31fda038e9931f19358758f4","0xaf5a05ebe2d24c5c6a6be222f824a8a0c170daec","784,422.056833862781568908","0xb1a2efe104e253cb36a7b26eeaf9c20cc2c56130","Lens Protocol","LENS",""
"0x7a06a482273a5de4dc173b9c2a2b5f0ac1ef8e5b558b2ffb301b0861e2fe5df7","1645207419","2022-02-18 18:03:39","0xc564ee9f21ed8a2d8e7e76c085740d5e4c5fafbe","0xaf5a05ebe2d24c5c6a6be222f824a8a0c170daec","59,336.236517799437927417","0x0c55846977ca9109177fec3aae4cf5c5ec78de2e","Solidly Exchange","vSOLID",""
"0x2d9552c92b53ff1f78a8f611d67831db94bb2e888a54823ff9eda69ffa527b2a","1645440055","2022-02-21 10:40:55","0xba12222222228d8ba445958a75a0704d566bf2c8","0xaf5a05ebe2d24c5c6a6be222f824a8a0c170daec","25.77902948","0xba100000625a3754423978a60c9317c58a424e3d","Balancer","BAL",""
"0x2d9552c92b53ff1f78a8f611d67831db94bb2e888a54823ff9eda69ffa527b2a","1645440055","2022-02-21 10:40:55","0xba12222222228d8ba445958a75a0704d566bf2c8","0xaf5a05ebe2d24c5c6a6be222f824a8a0c170daec","813.35885919","0xcfeaead4947f0705a14ec42ac3d44129e1ef3ed5","Notional","NOTE",""
"0x766894083077b73286af68a3a90e5aba28f3371344ac2773da09737f67155382","1645442783","2022-02-21 11:26:23","0x0000000000000000000000000000000000000000","0xaf5a05ebe2d24c5c6a6be222f824a8a0c170daec","28.212746718876507766","0x5f7fa48d765053f8dd85e052843e12d23e3d7bc5","NOTE/WETH Weighted Pool","NWWP",""
"0x766894083077b73286af68a3a90e5aba28f3371344ac2773da09737f67155382","1645442783","2022-02-21 11:26:23","0xaf5a05ebe2d24c5c6a6be222f824a8a0c170daec","0xba12222222228d8ba445958a75a0704d566bf2c8","0.279675752944071871","0xc02aaa39b223fe8d0a0e5c4f27ead9083c756cc2","Wrapped Ether","WETH",""
"0x766894083077b73286af68a3a90e5aba28f3371344ac2773da09737f67155382","1645442783","2022-02-21 11:26:23","0xaf5a05ebe2d24c5c6a6be222f824a8a0c170daec","0xba12222222228d8ba445958a75a0704d566bf2c8","813.35885919","0xcfeaead4947f0705a14ec42ac3d44129e1ef3ed5","Notional","NOTE",""
"0x0c69611ac0b50f88a80f76a574ef60a1c5a1aabdda802085e7aed923c6ad9d72","1645665484","2022-02-24 01:18:04","0x9f0e7a6446e82d83b958303150d98c107658e3ac","0xaf5a05ebe2d24c5c6a6be222f824a8a0c170daec","784,422.056833862781568908","0x4709099be25d156578405132d66aebfc2e12937a","Solidly","SOLID",""
"0x3317e477e903190512d44116d0137d3c3ff36edc107b202f1e3c835d5645bb0d","1646263435","2022-03-02 23:23:55","0x3ee18b2214aff97000d974cf647e7c347e8fa585","0xaf5a05ebe2d24c5c6a6be222f824a8a0c170daec","784,422.056833862781568908","0xabcc5e72d494697e962ccdf72f81596a413304c7","Evmos","EVMOS",""
"0x43934ac44bd5fc2a92e289172609f2864fa6782eeb742bfc82504bb5809658bf","1646340581","2022-03-03 20:49:41","0x43d6a102db838943cc8e77ac6fb4f3565dceb8df","0xaf5a05ebe2d24c5c6a6be222f824a8a0c170daec","784,422.056833862781568908","0xd7d6e57892fe8df9109e87d5ed62ae2337e1872a","Shibuya","SHI",""
"0xfb3fa454e1fbdf1271b6d9185ec6fbb04abdb693ab576044c773f953a9af238f","1646515977","2022-03-05 21:32:57","0xe853b5cb71262de8a8f52cece3f8f22600005172","0xaf5a05ebe2d24c5c6a6be222f824a8a0c170daec","784,422.056833862781568908","0x2b000332cd291ef558af76298a4d6f6001e4e015","Xar","XAR",""
"0x0dd8d6b84af51f4751907cbe8322d29141ae2fe3bc8500d5bcc56a6934ad5fca","1646873139","2022-03-10 00:45:39","0x18c2e87d183c5338a9142f97db176f3832b1d6de","0xaf5a05ebe2d24c5c6a6be222f824a8a0c170daec","784,422.056833862781568908","0x0880cb7c2747675bc7348a9329faefeec9373609","OpenSea","OPN",""
"0xf4b7fd0c7eb17e1e237ed8e1715a97507505cb13c2734f336822ff102d918916","1646900520","2022-03-10 08:22:00","0xd152f549545093347a162dce210e7293f1452150","0xaf5a05ebe2d24c5c6a6be222f824a8a0c170daec","29,700","0x1bdaf408e897f9e3f4be06bed802124bc510d6fd","KittyPop","KPOP",""
"0x73727bce158a99d1a9554df0daaf2faeb4334545f7f518f433933335a80edae0","1647938145","2022-03-22 08:35:45","0xba12222222228d8ba445958a75a0704d566bf2c8","0xaf5a05ebe2d24c5c6a6be222f824a8a0c170daec","65.10621764","0xba100000625a3754423978a60c9317c58a424e3d","Balancer","BAL",""
"0x73727bce158a99d1a9554df0daaf2faeb4334545f7f518f433933335a80edae0","1647938145","2022-03-22 08:35:45","0xba12222222228d8ba445958a75a0704d566bf2c8","0xaf5a05ebe2d24c5c6a6be222f824a8a0c170daec","3,220.19052091","0xcfeaead4947f0705a14ec42ac3d44129e1ef3ed5","Notional","NOTE",""
"0x1fbaf496c50a009d6b9fac9729b89a4ce72bc52866ab32b457268baea9692383","1647938284","2022-03-22 08:38:04","0xaf5a05ebe2d24c5c6a6be222f824a8a0c170daec","0x0000000000000000000000000000000000000000","77,531.287557066377248125","0x87165b659ba7746907a48763063efa3b323c2b07","BANKLESS DAO Bulls","80BANK-20WETH",""
"0x1fbaf496c50a009d6b9fac9729b89a4ce72bc52866ab32b457268baea9692383","1647938284","2022-03-22 08:38:04","0xba12222222228d8ba445958a75a0704d566bf2c8","0xaf5a05ebe2d24c5c6a6be222f824a8a0c170daec","550,502.958505035387591919","0x2d94aa3e47d9d5024503ca8491fce9a2fb4da198","Bankless Token","BANK",""
"0x1fbaf496c50a009d6b9fac9729b89a4ce72bc52866ab32b457268baea9692383","1647938284","2022-03-22 08:38:04","0xba12222222228d8ba445958a75a0704d566bf2c8","0xaf5a05ebe2d24c5c6a6be222f824a8a0c170daec","1.458471476068051211","0xc02aaa39b223fe8d0a0e5c4f27ead9083c756cc2","Wrapped Ether","WETH",""
"0xc214556cb1ba05bc5a5c286980ac536be00f5118f7c37ddf2b733df2404bafd7","1647938509","2022-03-22 08:41:49","0xaf5a05ebe2d24c5c6a6be222f824a8a0c170daec","0x9008d19f58aabd9ed0d60971565aa8510560ab41","250,502.958505035387591919","0x2d94aa3e47d9d5024503ca8491fce9a2fb4da198","Bankless Token","BANK",""
"0xc214556cb1ba05bc5a5c286980ac536be00f5118f7c37ddf2b733df2404bafd7","1647938509","2022-03-22 08:41:49","0x9008d19f58aabd9ed0d60971565aa8510560ab41","0xaf5a05ebe2d24c5c6a6be222f824a8a0c170daec","8,724.05359122","0xcfeaead4947f0705a14ec42ac3d44129e1ef3ed5","Notional","NOTE",""
"0x8d7cfb995122749f4b0408510939df3683a1976a3126c973b8db6885ba4ff463","1648019882","2022-03-23 07:18:02","0xaf5a05ebe2d24c5c6a6be222f824a8a0c170daec","0x9008d19f58aabd9ed0d60971565aa8510560ab41","100,000","0x2d94aa3e47d9d5024503ca8491fce9a2fb4da198","Bankless Token","BANK",""
"0x8d7cfb995122749f4b0408510939df3683a1976a3126c973b8db6885ba4ff463","1648019882","2022-03-23 07:18:02","0x9008d19f58aabd9ed0d60971565aa8510560ab41","0xaf5a05ebe2d24c5c6a6be222f824a8a0c170daec","3,296.95304233","0xcfeaead4947f0705a14ec42ac3d44129e1ef3ed5","Notional","NOTE",""
"0xf6ecbfc13740415aaaa536b381e7ff0cf0a1b31a1265402c88c03c57e838db44","1648058108","2022-03-23 17:55:08","0x0000000000000000000000000000000000000000","0xaf5a05ebe2d24c5c6a6be222f824a8a0c170daec","476.657260368914640378","0x5f7fa48d765053f8dd85e052843e12d23e3d7bc5","NOTE/WETH Weighted Pool","NWWP",""
"0xf6ecbfc13740415aaaa536b381e7ff0cf0a1b31a1265402c88c03c57e838db44","1648058108","2022-03-23 17:55:08","0xaf5a05ebe2d24c5c6a6be222f824a8a0c170daec","0xba12222222228d8ba445958a75a0704d566bf2c8","4.280513737743584256","0xc02aaa39b223fe8d0a0e5c4f27ead9083c756cc2","Wrapped Ether","WETH",""
"0xf6ecbfc13740415aaaa536b381e7ff0cf0a1b31a1265402c88c03c57e838db44","1648058108","2022-03-23 17:55:08","0xaf5a05ebe2d24c5c6a6be222f824a8a0c170daec","0xba12222222228d8ba445958a75a0704d566bf2c8","15,241.19715446","0xcfeaead4947f0705a14ec42ac3d44129e1ef3ed5","Notional","NOTE",""
"0x3c34507aa062009470618520d967469500d162bc4d719f588807c56fcea97d91","1648456306","2022-03-28 08:31:46","0xba12222222228d8ba445958a75a0704d566bf2c8","0xaf5a05ebe2d24c5c6a6be222f824a8a0c170daec","13.45350576","0xba100000625a3754423978a60c9317c58a424e3d","Balancer","BAL",""
"0x3c34507aa062009470618520d967469500d162bc4d719f588807c56fcea97d91","1648456306","2022-03-28 08:31:46","0xba12222222228d8ba445958a75a0704d566bf2c8","0xaf5a05ebe2d24c5c6a6be222f824a8a0c170daec","807.21034546","0xcfeaead4947f0705a14ec42ac3d44129e1ef3ed5","Notional","NOTE",""
"0xe582e98a678fcd696c5f652ce963f1dc38a9dac5092b16cc0965ca5879490217","1648456374","2022-03-28 08:32:54","0xaf5a05ebe2d24c5c6a6be222f824a8a0c170daec","0x9008d19f58aabd9ed0d60971565aa8510560ab41","100,000","0x2d94aa3e47d9d5024503ca8491fce9a2fb4da198","Bankless Token","BANK",""
"0xe582e98a678fcd696c5f652ce963f1dc38a9dac5092b16cc0965ca5879490217","1648456374","2022-03-28 08:32:54","0x9008d19f58aabd9ed0d60971565aa8510560ab41","0xaf5a05ebe2d24c5c6a6be222f824a8a0c170daec","3,342.26638897","0xcfeaead4947f0705a14ec42ac3d44129e1ef3ed5","Notional","NOTE",""
"0xebf2aba35c503c4817dc63282da95bbdcf15d559e8e0b20732b101ee9c9068d9","1648457073","2022-03-28 08:44:33","0xaf5a05ebe2d24c5c6a6be222f824a8a0c170daec","0x9008d19f58aabd9ed0d60971565aa8510560ab41","100,000","0x2d94aa3e47d9d5024503ca8491fce9a2fb4da198","Bankless Token","BANK",""
"0xebf2aba35c503c4817dc63282da95bbdcf15d559e8e0b20732b101ee9c9068d9","1648457073","2022-03-28 08:44:33","0x9008d19f58aabd9ed0d60971565aa8510560ab41","0xaf5a05ebe2d24c5c6a6be222f824a8a0c170daec","3,276.21897019","0xcfeaead4947f0705a14ec42ac3d44129e1ef3ed5","Notional","NOTE",""
"0x2696c878e57ad760aa87f4daa7ced8d79d8f53471089ae3f6db5c8fd56e2de17","1648457912","2022-03-28 08:58:32","0x0000000000000000000000000000000000000000","0xaf5a05ebe2d24c5c6a6be222f824a8a0c170daec","229.896347693006319013","0x5f7fa48d765053f8dd85e052843e12d23e3d7bc5","NOTE/WETH Weighted Pool","NWWP",""
"0x2696c878e57ad760aa87f4daa7ced8d79d8f53471089ae3f6db5c8fd56e2de17","1648457912","2022-03-28 08:58:32","0xaf5a05ebe2d24c5c6a6be222f824a8a0c170daec","0xba12222222228d8ba445958a75a0704d566bf2c8","2.046977348697910927","0xc02aaa39b223fe8d0a0e5c4f27ead9083c756cc2","Wrapped Ether","WETH",""
"0x2696c878e57ad760aa87f4daa7ced8d79d8f53471089ae3f6db5c8fd56e2de17","1648457912","2022-03-28 08:58:32","0xaf5a05ebe2d24c5c6a6be222f824a8a0c170daec","0xba12222222228d8ba445958a75a0704d566bf2c8","7,425.69570462","0xcfeaead4947f0705a14ec42ac3d44129e1ef3ed5","Notional","NOTE",""
"0xebc7321b4cd92688f6d3b3b46857a8f98fd0133772888191b586306bc5874a24","1648474366","2022-03-28 13:32:46","0xaf5a05ebe2d24c5c6a6be222f824a8a0c170daec","0x9e55244eb98e7861bbd9623f30f3b9fd8eebe64c","824.9061","0x0f5d2fb29fb7d3cfee444a200298f468908cc942","Decentraland","MANA",""
"0x2944ac637cf5072019bcb45b1749ef28eaf844f928251c6cf0fd914968a6a80d","1648582721","2022-03-29 19:38:41","0x71aabc3fcdb54243b2b54c64c628a21a9c3e77d0","0xaf5a05ebe2d24c5c6a6be222f824a8a0c170daec","343,152.58480491454251531","0x4639ffc90b0fd6dffb57af712109bfa419afaeb5","Concave Token","CNV",""
"0x40fe46ba0bdb408f8be14371c72b31f463ba5ddb643bc2fb8d2d83e38fa67fa0","1648582721","2022-03-29 19:38:41","0xaf5a05ebe2d24c5c6a6be222f824a8a0c170daec","0x6ff0106d34feee8a8acf2e7b9168480f86b82e2f","343,152.58480491454251531","0x4639ffc90b0fd6dffb57af712109bfa419afaeb5","Concave Token","CNV",""
"0x21ff9c852e285c1eb59b978ed79b2d4ea61a7e96812c6aef51ede8e4abe93c11","1648597111","2022-03-29 23:38:31","0xa3360e7e50fa5717d135a3eafc5a50c020938d0e","0xaf5a05ebe2d24c5c6a6be222f824a8a0c170daec","24,955.908801899761465203","0xeea2fef22353282fb760d27ea7a1e2f06b3f442d","Coslend","CLND",""
"0x4effc2eef09fa0cf8d19f6c54b92b32e93aca650b584dd94f14ae87584964b1e","1648597111","2022-03-29 23:38:31","0xaf5a05ebe2d24c5c6a6be222f824a8a0c170daec","0xc0c0c0c0c0c0c0c0c0c0c0c0c0c0c0c0c0c0c0c0","24,955.908801899761465203","0xeea2fef22353282fb760d27ea7a1e2f06b3f442d","Coslend","CLND",""
"0x958451356d657e716c1f3975cb36e3a66c9d0b6c552f333e22aff955c0b922b1","1649024089","2022-04-03 22:14:49","0xd18140b4b819b895a3dba5442f959fa44994af50","0xaf5a05ebe2d24c5c6a6be222f824a8a0c170daec","1,793.519161181043291247","0x9ee582c42f88caa5e7bcde2e86e69af3cf5fce40","Conic Finance","CNC",""
"0x52982b621f879c82e1edc8a3761353f0e8c66b8023027ec15a4d9f88e2553d58","1649153958","2022-04-05 10:19:18","0xba12222222228d8ba445958a75a0704d566bf2c8","0xaf5a05ebe2d24c5c6a6be222f824a8a0c170daec","17.11220606","0xba100000625a3754423978a60c9317c58a424e3d","Balancer","BAL",""
"0x52982b621f879c82e1edc8a3761353f0e8c66b8023027ec15a4d9f88e2553d58","1649153958","2022-04-05 10:19:18","0xba12222222228d8ba445958a75a0704d566bf2c8","0xaf5a05ebe2d24c5c6a6be222f824a8a0c170daec","1,026.73236354","0xcfeaead4947f0705a14ec42ac3d44129e1ef3ed5","Notional","NOTE",""
"0x339a7769acc20c38370a4e2c48270c1d519d03b97029e41785ba7d5a7032a81e","1649744332","2022-04-12 06:18:52","0xba12222222228d8ba445958a75a0704d566bf2c8","0xaf5a05ebe2d24c5c6a6be222f824a8a0c170daec","21.61997405","0xba100000625a3754423978a60c9317c58a424e3d","Balancer","BAL",""
"0x339a7769acc20c38370a4e2c48270c1d519d03b97029e41785ba7d5a7032a81e","1649744332","2022-04-12 06:18:52","0xba12222222228d8ba445958a75a0704d566bf2c8","0xaf5a05ebe2d24c5c6a6be222f824a8a0c170daec","1,297.19844307","0xcfeaead4947f0705a14ec42ac3d44129e1ef3ed5","Notional","NOTE",""
"0x3a2170787b38212ee983f19206f0c94ea9ff8faa2ee37571a4218976d9c63e99","1652091235","2022-05-09 10:13:55","0xaf5a05ebe2d24c5c6a6be222f824a8a0c170daec","0x0000000000000000000000000000000000000000","1,841.456837180817112265","0x5f7fa48d765053f8dd85e052843e12d23e3d7bc5","NOTE/WETH Weighted Pool","NWWP",""
"0x3a2170787b38212ee983f19206f0c94ea9ff8faa2ee37571a4218976d9c63e99","1652091235","2022-05-09 10:13:55","0xba12222222228d8ba445958a75a0704d566bf2c8","0xaf5a05ebe2d24c5c6a6be222f824a8a0c170daec","16.071820056705142634","0xc02aaa39b223fe8d0a0e5c4f27ead9083c756cc2","Wrapped Ether","WETH",""
"0x3a2170787b38212ee983f19206f0c94ea9ff8faa2ee37571a4218976d9c63e99","1652091235","2022-05-09 10:13:55","0xba12222222228d8ba445958a75a0704d566bf2c8","0xaf5a05ebe2d24c5c6a6be222f824a8a0c170daec","61,123.68111841","0xcfeaead4947f0705a14ec42ac3d44129e1ef3ed5","Notional","NOTE",""
"0x4e803f4e0502a5496017a74d41ee3bd0ffd3c5ed6dfaec09517b22d8ed511c92","1652092007","2022-05-09 10:26:47","0xaf5a05ebe2d24c5c6a6be222f824a8a0c170daec","0x9e55244eb98e7861bbd9623f30f3b9fd8eebe64c","469,229.295617282312141531","0x0f5d2fb29fb7d3cfee444a200298f468908cc942","Decentraland","MANA",""
"0x65f27eef4aadba9f88a7e7af2a8a23f2a249fe801341d3f1ca03c48c3f059121","1652092103","2022-05-09 10:28:23","0xaf5a05ebe2d24c5c6a6be222f824a8a0c170daec","0x9e55244eb98e7861bbd9623f30f3b9fd8eebe64c","32.237016477823997928","0xc02aaa39b223fe8d0a0e5c4f27ead9083c756cc2","Wrapped Ether","WETH",""
"0x1ea600660f068ad758b436050a55bca25c60433105e746e3a64133ad2440af9a","1652092780","2022-05-09 10:39:40","0xaf5a05ebe2d24c5c6a6be222f824a8a0c170daec","0x9e55244eb98e7861bbd9623f30f3b9fd8eebe64c","34,452.11827115075587003","0x6b3595068778dd592e39a122f4f5a5cf09c90fe2","SushiToken","SUSHI",""
"0x4a84e6aaf8807ef27dd318d27116a9d59f4d01b544cf556c1d06616046fcb184","1652092871","2022-05-09 10:41:11","0xaf5a05ebe2d24c5c6a6be222f824a8a0c170daec","0x9e55244eb98e7861bbd9623f30f3b9fd8eebe64c","9,928.946161257063901423","0x1f9840a85d5af5bf1d1762f925bdaddc4201f984","Uniswap","UNI",""
"0xc37321da00fce39b9c136c26a587f8ad0018805c25afdc258c6a11e436535a3f","1652092871","2022-05-09 10:41:11","0xaf5a05ebe2d24c5c6a6be222f824a8a0c170daec","0x9e55244eb98e7861bbd9623f30f3b9fd8eebe64c","63,447.61192502","0xcfeaead4947f0705a14ec42ac3d44129e1ef3ed5","Notional","NOTE",""
"0x6fe4e79f949d678df5d34e0c734e036c9666e3ad2defa70f624333737ff10591","1652092871","2022-05-09 10:41:11","0xaf5a05ebe2d24c5c6a6be222f824a8a0c170daec","0x9e55244eb98e7861bbd9623f30f3b9fd8eebe64c","143.07093299","0xba100000625a3754423978a60c9317c58a424e3d","Balancer","BAL",""
"0x7a05c705e33e867e84070b80dd24d11e5497a2ffc67feed4072b85a7dba5e330","1652260005","2022-05-11 09:06:45","0xaf5a05ebe2d24c5c6a6be222f824a8a0c170daec","0x22efb23e6e98aa9f43afdd4286ab2d72d45d06fb","226,127.828634814973645188","0xd533a949740bb3306d119cc777fa900ba034cd52","Curve DAO Token","CRV",""
"0x233d79985daca11b810e47d11bd2396b2ae526a600573758cc6457189868cf48","1657876398","2022-07-15 09:13:18","0xba12222222228d8ba445958a75a0704d566bf2c8","0xaf5a05ebe2d24c5c6a6be222f824a8a0c170daec","4,986.44573255","0x2d94aa3e47d9d5024503ca8491fce9a2fb4da198","Bankless Token","BANK",""
"0xd7286aa90117fbc98d4097ddc0f6b9ef731ecb55a476ea9ade48c1678f306176","1657876562","2022-07-15 09:16:02","0xaf5a05ebe2d24c5c6a6be222f824a8a0c170daec","0x9008d19f58aabd9ed0d60971565aa8510560ab41","4,986.44573255","0x2d94aa3e47d9d5024503ca8491fce9a2fb4da198","Bankless Token","BANK",""
"0x605cccac35066213c5a1224d6b38d978f32cfeedb4af6dc14fc9f2e265b856c6","1658307432","2022-07-20 08:57:12","0x9e55244eb98e7861bbd9623f30f3b9fd8eebe64c","0xaf5a05ebe2d24c5c6a6be222f824a8a0c170daec","500,000","0x6b175474e89094c44da98b954eedeac495271d0f","Dai Stablecoin","DAI",""
"0xc689b2678e6775374316ef568b7651e9ce16113b1773a489874dccc53e95dd5a","1658315083","2022-07-20 11:04:43","0xaf5a05ebe2d24c5c6a6be222f824a8a0c170daec","0x9008d19f58aabd9ed0d60971565aa8510560ab41","100,000","0x6b175474e89094c44da98b954eedeac495271d0f","Dai Stablecoin","DAI",""
"0xc689b2678e6775374316ef568b7651e9ce16113b1773a489874dccc53e95dd5a","1658315083","2022-07-20 11:04:43","0x9008d19f58aabd9ed0d60971565aa8510560ab41","0xaf5a05ebe2d24c5c6a6be222f824a8a0c170daec","157,325.872809072798108403","0xf629cbd94d3791c9250152bd8dfbdf380e2a3b9c","EnjinCoin","ENJ",""
"0x533d7428a44039395054306973dff34c6639d9527738bf9522092fee420f133e","1658315569","2022-07-20 11:12:49","0xaf5a05ebe2d24c5c6a6be222f824a8a0c170daec","0x9008d19f58aabd9ed0d60971565aa8510560ab41","100,000","0x6b175474e89094c44da98b954eedeac495271d0f","Dai Stablecoin","DAI",""
"0x533d7428a44039395054306973dff34c6639d9527738bf9522092fee420f133e","1658315569","2022-07-20 11:12:49","0x9008d19f58aabd9ed0d60971565aa8510560ab41","0xaf5a05ebe2d24c5c6a6be222f824a8a0c170daec","100,723.545172043698652161","0x0f5d2fb29fb7d3cfee444a200298f468908cc942","Decentraland","MANA",""
"0xb22b064f73aa45a018479f8196c2eb5bd04bc12139509fafc0c3163caea3e16d","1658315790","2022-07-20 11:16:30","0xaf5a05ebe2d24c5c6a6be222f824a8a0c170daec","0x9008d19f58aabd9ed0d60971565aa8510560ab41","100,000","0x6b175474e89094c44da98b954eedeac495271d0f","Dai Stablecoin","DAI",""
"0xb22b064f73aa45a018479f8196c2eb5bd04bc12139509fafc0c3163caea3e16d","1658315790","2022-07-20 11:16:30","0x9008d19f58aabd9ed0d60971565aa8510560ab41","0xaf5a05ebe2d24c5c6a6be222f824a8a0c170daec","15,669.71030575704440832","0x4d224452801aced8b2f0aebe155379bb5d594381","ApeCoin","APE",""
"0xfd15876febeaa10f3700927733ec59247666d90415dca35f5e6fe74c0d4e2e73","1658316392","2022-07-20 11:26:32","0xaf5a05ebe2d24c5c6a6be222f824a8a0c170daec","0x9008d19f58aabd9ed0d60971565aa8510560ab41","100,000","0x6b175474e89094c44da98b954eedeac495271d0f","Dai Stablecoin","DAI",""
"0xfd15876febeaa10f3700927733ec59247666d90415dca35f5e6fe74c0d4e2e73","1658316392","2022-07-20 11:26:32","0x9008d19f58aabd9ed0d60971565aa8510560ab41","0xaf5a05ebe2d24c5c6a6be222f824a8a0c170daec","70,355.815924816125362176","0x3845badade8e6dff049820680d1f14bd3903a5d0","SAND","SAND",""
"0xa5f6a3302376fe80eb2e69823b95b8e3aa5d89351514208e5d9d98d6b430cfd6","1658390119","2022-07-21 07:55:19","0xaf5a05ebe2d24c5c6a6be222f824a8a0c170daec","0x9581dd103b1f621771e843787dd8d250fb6bbd10","100,000","0x6b175474e89094c44da98b954eedeac495271d0f","Dai Stablecoin","DAI",""
"0x32e76627b162022b97ad8f6758ab5ee96f64be46a8055d79e37a433e8e0d9679","1658494042","2022-07-22 12:47:22","0xdfd5293d8e347dfe59e90efd55b2956a1343963d","0xaf5a05ebe2d24c5c6a6be222f824a8a0c170daec","10.61","0xbb0e17ef65f82ab018d8edd776e8dd940327b28b","Axie Infinity Shard","AXS",""
"0xdef92bace7371d4019eacb3d086a5914aeec7a818ace7d33a3d583588a6a2b95","1658494531","2022-07-22 12:55:31","0x28c6c06298d514db089934071355e5743bf21d60","0xaf5a05ebe2d24c5c6a6be222f824a8a0c170daec","6,199.79","0xbb0e17ef65f82ab018d8edd776e8dd940327b28b","Axie Infinity Shard","AXS",""
"0x56dc61329b274778a613c3a934c10a9077eeb26eb479fc586008105c17837b1f","1658566526","2022-07-23 08:55:26","0x0000000000000000000000000000000000000000","0xaf5a05ebe2d24c5c6a6be222f824a8a0c170daec","192,906.56977585877593349","0x5757b37098d65b097cbcb78e22ae862817a82702","20MANA-20SAND-20APE-20AXS-20ENJ","20MANA-20SAND-20APE-20AXS-20ENJ",""
"0x56dc61329b274778a613c3a934c10a9077eeb26eb479fc586008105c17837b1f","1658566526","2022-07-23 08:55:26","0xaf5a05ebe2d24c5c6a6be222f824a8a0c170daec","0xba12222222228d8ba445958a75a0704d566bf2c8","95,774.345555766006312761","0x0f5d2fb29fb7d3cfee444a200298f468908cc942","Decentraland","MANA",""
"0x56dc61329b274778a613c3a934c10a9077eeb26eb479fc586008105c17837b1f","1658566526","2022-07-23 08:55:26","0xaf5a05ebe2d24c5c6a6be222f824a8a0c170daec","0xba12222222228d8ba445958a75a0704d566bf2c8","70,215.693842577491801647","0x3845badade8e6dff049820680d1f14bd3903a5d0","SAND","SAND",""
"0x56dc61329b274778a613c3a934c10a9077eeb26eb479fc586008105c17837b1f","1658566526","2022-07-23 08:55:26","0xaf5a05ebe2d24c5c6a6be222f824a8a0c170daec","0xba12222222228d8ba445958a75a0704d566bf2c8","14,646.218347531501357398","0x4d224452801aced8b2f0aebe155379bb5d594381","ApeCoin","APE",""
"0x56dc61329b274778a613c3a934c10a9077eeb26eb479fc586008105c17837b1f","1658566526","2022-07-23 08:55:26","0xaf5a05ebe2d24c5c6a6be222f824a8a0c170daec","0xba12222222228d8ba445958a75a0704d566bf2c8","5,516.657632923477114398","0xbb0e17ef65f82ab018d8edd776e8dd940327b28b","Axie Infinity Shard","AXS",""
"0x56dc61329b274778a613c3a934c10a9077eeb26eb479fc586008105c17837b1f","1658566526","2022-07-23 08:55:26","0xaf5a05ebe2d24c5c6a6be222f824a8a0c170daec","0xba12222222228d8ba445958a75a0704d566bf2c8","157,325.872809072798108399","0xf629cbd94d3791c9250152bd8dfbdf380e2a3b9c","EnjinCoin","ENJ",""
"0x6b87ac8a2172970951220f79eeb919188069ff31c8cc6bef9437d52574f5e07a","1659088553","2022-07-29 09:55:53","0x9581dd103b1f621771e843787dd8d250fb6bbd10","0xaf5a05ebe2d24c5c6a6be222f824a8a0c170daec","750,000","0xa0b86991c6218b36c1d19d4a2e9eb0ce3606eb48","USD Coin","USDC",""
"0x5703c0a32e9bd21d30b700bfe0a210d8bbf4d8e058e424940c3ea133dc372fd8","1659089041","2022-07-29 10:04:01","0xaf5a05ebe2d24c5c6a6be222f824a8a0c170daec","0x88e6a0c2ddd26feeb64f039a2c41296fcb3f5640","150,000","0xa0b86991c6218b36c1d19d4a2e9eb0ce3606eb48","USD Coin","USDC",""
"0x5703c0a32e9bd21d30b700bfe0a210d8bbf4d8e058e424940c3ea133dc372fd8","1659089041","2022-07-29 10:04:01","0xac4b3dacb91461209ae9d41ec517c2b9cb1b7daf","0xaf5a05ebe2d24c5c6a6be222f824a8a0c170daec","21,236.172626667267280431","0x4d224452801aced8b2f0aebe155379bb5d594381","ApeCoin","APE",""
"0x04f7a98a64f0bc8c05d19e81fd28733ff2cd9dbcf630b9d12b49e9df15cb82c6","1659089510","2022-07-29 10:11:50","0xaf5a05ebe2d24c5c6a6be222f824a8a0c170daec","0xdef171fe48cf0115b1d80b88dc8eab59176fee57","150,000","0xa0b86991c6218b36c1d19d4a2e9eb0ce3606eb48","USD Coin","USDC",""
"0x04f7a98a64f0bc8c05d19e81fd28733ff2cd9dbcf630b9d12b49e9df15cb82c6","1659089510","2022-07-29 10:11:50","0xdef171fe48cf0115b1d80b88dc8eab59176fee57","0xaf5a05ebe2d24c5c6a6be222f824a8a0c170daec","108,984.417282050361130824","0x3845badade8e6dff049820680d1f14bd3903a5d0","SAND","SAND",""
"0xbcd5e6b93fad6f925ba5b8eb5484446292e5cb8d0538e1ac3202f302a5c10a29","1659090115","2022-07-29 10:21:55","0xaf5a05ebe2d24c5c6a6be222f824a8a0c170daec","0xdef171fe48cf0115b1d80b88dc8eab59176fee57","150,000","0xa0b86991c6218b36c1d19d4a2e9eb0ce3606eb48","USD Coin","USDC",""
"0xbcd5e6b93fad6f925ba5b8eb5484446292e5cb8d0538e1ac3202f302a5c10a29","1659090115","2022-07-29 10:21:55","0xdef171fe48cf0115b1d80b88dc8eab59176fee57","0xaf5a05ebe2d24c5c6a6be222f824a8a0c170daec","150,866.926443829721351476","0x0f5d2fb29fb7d3cfee444a200298f468908cc942","Decentraland","MANA",""
"0x320b9fcdbda1ebced41d9997a3da594fb5a6a94a52e0273a6c665a8b2d83470f","1659102663","2022-07-29 13:51:03","0x9581dd103b1f621771e843787dd8d250fb6bbd10","0xaf5a05ebe2d24c5c6a6be222f824a8a0c170daec","250,000","0x6b175474e89094c44da98b954eedeac495271d0f","Dai Stablecoin","DAI",""
"0x91939a2a001cd6c2d690867a9d39d0260a378882bda4e7ed168b4578e55b1226","1659102840","2022-07-29 13:54:00","0x9e55244eb98e7861bbd9623f30f3b9fd8eebe64c","0xaf5a05ebe2d24c5c6a6be222f824a8a0c170daec","100,000","0x6b175474e89094c44da98b954eedeac495271d0f","Dai Stablecoin","DAI",""
"0xa34d6f9ca6b0cd2a4b7d9a1f0cdeaa30db2fc9db4d47b51caf233f3ddbf5b0b5","1659103239","2022-07-29 14:00:39","0xaf5a05ebe2d24c5c6a6be222f824a8a0c170daec","0x22efb23e6e98aa9f43afdd4286ab2d72d45d06fb","250,000","0x6b175474e89094c44da98b954eedeac495271d0f","Dai Stablecoin","DAI",""
"0xd8a4f57b138f90cfec99d6a2a82edb9e89e1dfed92722f6692562dbb7fef90ba","1659103298","2022-07-29 14:01:38","0xaf5a05ebe2d24c5c6a6be222f824a8a0c170daec","0x22efb23e6e98aa9f43afdd4286ab2d72d45d06fb","250,000","0xa0b86991c6218b36c1d19d4a2e9eb0ce3606eb48","USD Coin","USDC",""
"0x49fcb88b2b7f2821e089af8952f6acc1b25e3cd55fff8e7c3dfa5354b8ba076f","1659106163","2022-07-29 14:49:23","0x28c6c06298d514db089934071355e5743bf21d60","0xaf5a05ebe2d24c5c6a6be222f824a8a0c170daec","8,156.22","0xbb0e17ef65f82ab018d8edd776e8dd940327b28b","Axie Infinity Shard","AXS",""
"0xd26e0218b9e6387cbc68e0446c8237de31b81b113aef82428c9e8c81fdaa6c06","1659160902","2022-07-30 06:01:42","0xaf5a05ebe2d24c5c6a6be222f824a8a0c170daec","0x00000000ae347930bd1e7b0f35588b92280f9e75","25,000","0xa0b86991c6218b36c1d19d4a2e9eb0ce3606eb48","USD Coin","USDC",""
"0xd26e0218b9e6387cbc68e0446c8237de31b81b113aef82428c9e8c81fdaa6c06","1659160902","2022-07-30 06:01:42","0x00000000ae347930bd1e7b0f35588b92280f9e75","0xaf5a05ebe2d24c5c6a6be222f824a8a0c170daec","40,799.139625000002125824","0xf629cbd94d3791c9250152bd8dfbdf380e2a3b9c","EnjinCoin","ENJ",""
"0x3845aee95519250a77f93a1175274bc1599d08741c5039eb75cdb59d2f4020e4","1659161063","2022-07-30 06:04:23","0xaf5a05ebe2d24c5c6a6be222f824a8a0c170daec","0x22f9dcf4647084d6c31b2765f6910cd85c178c18","25,000","0xa0b86991c6218b36c1d19d4a2e9eb0ce3606eb48","USD Coin","USDC",""
"0x3845aee95519250a77f93a1175274bc1599d08741c5039eb75cdb59d2f4020e4","1659161063","2022-07-30 06:04:23","0x22f9dcf4647084d6c31b2765f6910cd85c178c18","0xaf5a05ebe2d24c5c6a6be222f824a8a0c170daec","39,602.340912923007834087","0xf629cbd94d3791c9250152bd8dfbdf380e2a3b9c","EnjinCoin","ENJ",""
"0xa8a755798dc7e71d01baa9f7731e161c09a3c3c1e49052c9fe39b6cc9d289e43","1659161551","2022-07-30 06:12:31","0xaf5a05ebe2d24c5c6a6be222f824a8a0c170daec","0x00000000ae347930bd1e7b0f35588b92280f9e75","10,000","0x6b175474e89094c44da98b954eedeac495271d0f","Dai Stablecoin","DAI",""
"0xa8a755798dc7e71d01baa9f7731e161c09a3c3c1e49052c9fe39b6cc9d289e43","1659161551","2022-07-30 06:12:31","0x00000000ae347930bd1e7b0f35588b92280f9e75","0xaf5a05ebe2d24c5c6a6be222f824a8a0c170daec","16,326.79546799999942656","0xf629cbd94d3791c9250152bd8dfbdf380e2a3b9c","EnjinCoin","ENJ",""
"0x3d85998590f728c8319528f49266997a83e65808673e0fd9341a9b67bff88e00","1659161612","2022-07-30 06:13:32","0xaf5a05ebe2d24c5c6a6be222f824a8a0c170daec","0x00000000ae347930bd1e7b0f35588b92280f9e75","10,000","0x6b175474e89094c44da98b954eedeac495271d0f","Dai Stablecoin","DAI",""
"0x3d85998590f728c8319528f49266997a83e65808673e0fd9341a9b67bff88e00","1659161612","2022-07-30 06:13:32","0x00000000ae347930bd1e7b0f35588b92280f9e75","0xaf5a05ebe2d24c5c6a6be222f824a8a0c170daec","16,319.36016400000221184","0xf629cbd94d3791c9250152bd8dfbdf380e2a3b9c","EnjinCoin","ENJ",""
"0xd637ce3663081a1ec1f69456ddad6a42cb085486aa36a58e144d6cabae6f887b","1659161835","2022-07-30 06:17:15","0xaf5a05ebe2d24c5c6a6be222f824a8a0c170daec","0xa478c2975ab1ea89e8196811f51a7b7ade33eb11","2,500","0x6b175474e89094c44da98b954eedeac495271d0f","Dai Stablecoin","DAI",""
"0xd637ce3663081a1ec1f69456ddad6a42cb085486aa36a58e144d6cabae6f887b","1659161835","2022-07-30 06:17:15","0xe56c60b5f9f7b5fc70de0eb79c6ee7d00efa2625","0xaf5a05ebe2d24c5c6a6be222f824a8a0c170daec","4,016.894158871998204574","0xf629cbd94d3791c9250152bd8dfbdf380e2a3b9c","EnjinCoin","ENJ",""
"0xd637ce3663081a1ec1f69456ddad6a42cb085486aa36a58e144d6cabae6f887b","1659161835","2022-07-30 06:17:15","0xaf5a05ebe2d24c5c6a6be222f824a8a0c170daec","0x5777d92f208679db4b9778590fa3cab3ac9e2168","7,500","0x6b175474e89094c44da98b954eedeac495271d0f","Dai Stablecoin","DAI",""
"0xd637ce3663081a1ec1f69456ddad6a42cb085486aa36a58e144d6cabae6f887b","1659161835","2022-07-30 06:17:15","0xe16be1798f860bc1eb0feb64cd67ca00ae9b6e58","0xaf5a05ebe2d24c5c6a6be222f824a8a0c170daec","12,030.09738969936524011","0xf629cbd94d3791c9250152bd8dfbdf380e2a3b9c","EnjinCoin","ENJ",""
"0xb795ce7a6325060d684af4c7ac7d60eef9687d2b1b7bd8e2ba28356e6cf39f3a","1659163155","2022-07-30 06:39:15","0xaf5a05ebe2d24c5c6a6be222f824a8a0c170daec","0x22f9dcf4647084d6c31b2765f6910cd85c178c18","35,000","0x6b175474e89094c44da98b954eedeac495271d0f","Dai Stablecoin","DAI",""
"0xb795ce7a6325060d684af4c7ac7d60eef9687d2b1b7bd8e2ba28356e6cf39f3a","1659163155","2022-07-30 06:39:15","0x22f9dcf4647084d6c31b2765f6910cd85c178c18","0xaf5a05ebe2d24c5c6a6be222f824a8a0c170daec","35,001.34221","0xa0b86991c6218b36c1d19d4a2e9eb0ce3606eb48","USD Coin","USDC",""
"0x555704047426462b91ff94677a1978cee10270cc9f73fae16b703f9ca639c3b5","1659163292","2022-07-30 06:41:32","0xaf5a05ebe2d24c5c6a6be222f824a8a0c170daec","0x22f9dcf4647084d6c31b2765f6910cd85c178c18","10,000","0xa0b86991c6218b36c1d19d4a2e9eb0ce3606eb48","USD Coin","USDC",""
"0x555704047426462b91ff94677a1978cee10270cc9f73fae16b703f9ca639c3b5","1659163292","2022-07-30 06:41:32","0x22f9dcf4647084d6c31b2765f6910cd85c178c18","0xaf5a05ebe2d24c5c6a6be222f824a8a0c170daec","15,801.972864602894999481","0xf629cbd94d3791c9250152bd8dfbdf380e2a3b9c","EnjinCoin","ENJ",""
"0x2f3497adfd9cb14c48b1dd8da1657f1b1b47c388a930cd1076b60cb85e23a1fa","1659165169","2022-07-30 07:12:49","0xaf5a05ebe2d24c5c6a6be222f824a8a0c170daec","0x22f9dcf4647084d6c31b2765f6910cd85c178c18","10,000","0x6b175474e89094c44da98b954eedeac495271d0f","Dai Stablecoin","DAI",""
"0x2f3497adfd9cb14c48b1dd8da1657f1b1b47c388a930cd1076b60cb85e23a1fa","1659165169","2022-07-30 07:12:49","0x22f9dcf4647084d6c31b2765f6910cd85c178c18","0xaf5a05ebe2d24c5c6a6be222f824a8a0c170daec","15,738.86953735097548728","0xf629cbd94d3791c9250152bd8dfbdf380e2a3b9c","EnjinCoin","ENJ",""
"0x33b82aa64df459096167dcdc24cd42a5e0cf66ba9be85b207694c62ce4349e69","1659165200","2022-07-30 07:13:20","0xaf5a05ebe2d24c5c6a6be222f824a8a0c170daec","0x22f9dcf4647084d6c31b2765f6910cd85c178c18","15,000","0xa0b86991c6218b36c1d19d4a2e9eb0ce3606eb48","USD Coin","USDC",""
"0x33b82aa64df459096167dcdc24cd42a5e0cf66ba9be85b207694c62ce4349e69","1659165200","2022-07-30 07:13:20","0x22f9dcf4647084d6c31b2765f6910cd85c178c18","0xaf5a05ebe2d24c5c6a6be222f824a8a0c170daec","23,411.405643244551759622","0xf629cbd94d3791c9250152bd8dfbdf380e2a3b9c","EnjinCoin","ENJ",""
"0x97e1e7bc8dc3243b8878af10fff0d1103488c965c468aaa8ac906c5f581c4bd8","1659165235","2022-07-30 07:13:55","0xaf5a05ebe2d24c5c6a6be222f824a8a0c170daec","0x22f9dcf4647084d6c31b2765f6910cd85c178c18","15,000","0x6b175474e89094c44da98b954eedeac495271d0f","Dai Stablecoin","DAI",""
"0x97e1e7bc8dc3243b8878af10fff0d1103488c965c468aaa8ac906c5f581c4bd8","1659165235","2022-07-30 07:13:55","0x22f9dcf4647084d6c31b2765f6910cd85c178c18","0xaf5a05ebe2d24c5c6a6be222f824a8a0c170daec","23,422.325517019411985242","0xf629cbd94d3791c9250152bd8dfbdf380e2a3b9c","EnjinCoin","ENJ",""
"0xdbeb63039d6ef068bf2d570e111bc52ae6b66d157eb4841c82c7a38ff02e451f","1659165315","2022-07-30 07:15:15","0xaf5a05ebe2d24c5c6a6be222f824a8a0c170daec","0xb4e16d0168e52d35cacd2c6185b44281ec28c9dc","3,077.336065","0xa0b86991c6218b36c1d19d4a2e9eb0ce3606eb48","USD Coin","USDC",""
"0xdbeb63039d6ef068bf2d570e111bc52ae6b66d157eb4841c82c7a38ff02e451f","1659165315","2022-07-30 07:15:15","0xe56c60b5f9f7b5fc70de0eb79c6ee7d00efa2625","0xaf5a05ebe2d24c5c6a6be222f824a8a0c170daec","4,690.461045615134456551","0xf629cbd94d3791c9250152bd8dfbdf380e2a3b9c","EnjinCoin","ENJ",""
"0xdbeb63039d6ef068bf2d570e111bc52ae6b66d157eb4841c82c7a38ff02e451f","1659165315","2022-07-30 07:15:15","0xaf5a05ebe2d24c5c6a6be222f824a8a0c170daec","0x88e6a0c2ddd26feeb64f039a2c41296fcb3f5640","6,924.006145","0xa0b86991c6218b36c1d19d4a2e9eb0ce3606eb48","USD Coin","USDC",""
"0xdbeb63039d6ef068bf2d570e111bc52ae6b66d157eb4841c82c7a38ff02e451f","1659165315","2022-07-30 07:15:15","0xe16be1798f860bc1eb0feb64cd67ca00ae9b6e58","0xaf5a05ebe2d24c5c6a6be222f824a8a0c170daec","10,907.511036255510445499","0xf629cbd94d3791c9250152bd8dfbdf380e2a3b9c","EnjinCoin","ENJ",""
"0xd86f06ff90ad6bf5c0e4557c34acdc37a08a909db107e42396b3849bf74c4ad4","1659165353","2022-07-30 07:15:53","0xaf5a05ebe2d24c5c6a6be222f824a8a0c170daec","0x22f9dcf4647084d6c31b2765f6910cd85c178c18","10,000","0x6b175474e89094c44da98b954eedeac495271d0f","Dai Stablecoin","DAI",""
"0xd86f06ff90ad6bf5c0e4557c34acdc37a08a909db107e42396b3849bf74c4ad4","1659165353","2022-07-30 07:15:53","0x22f9dcf4647084d6c31b2765f6910cd85c178c18","0xaf5a05ebe2d24c5c6a6be222f824a8a0c170daec","15,581.779238608283366857","0xf629cbd94d3791c9250152bd8dfbdf380e2a3b9c","EnjinCoin","ENJ",""
"0xf75c70411587428c0046ff8019fff8282c3bf4157825fa84cdc2afe32427c207","1659165866","2022-07-30 07:24:26","0x0000000000000000000000000000000000000000","0xaf5a05ebe2d24c5c6a6be222f824a8a0c170daec","296,314.344293305690347216","0x5757b37098d65b097cbcb78e22ae862817a82702","20MANA-20SAND-20APE-20AXS-20ENJ","20MANA-20SAND-20APE-20AXS-20ENJ",""
"0xf75c70411587428c0046ff8019fff8282c3bf4157825fa84cdc2afe32427c207","1659165866","2022-07-30 07:24:26","0xaf5a05ebe2d24c5c6a6be222f824a8a0c170daec","0xba12222222228d8ba445958a75a0704d566bf2c8","147,361.222659681969665732","0x0f5d2fb29fb7d3cfee444a200298f468908cc942","Decentraland","MANA",""
"0xf75c70411587428c0046ff8019fff8282c3bf4157825fa84cdc2afe32427c207","1659165866","2022-07-30 07:24:26","0xaf5a05ebe2d24c5c6a6be222f824a8a0c170daec","0xba12222222228d8ba445958a75a0704d566bf2c8","109,124.539364288994691353","0x3845badade8e6dff049820680d1f14bd3903a5d0","SAND","SAND",""
"0xf75c70411587428c0046ff8019fff8282c3bf4157825fa84cdc2afe32427c207","1659165866","2022-07-30 07:24:26","0xaf5a05ebe2d24c5c6a6be222f824a8a0c170daec","0xba12222222228d8ba445958a75a0704d566bf2c8","21,821.373085813637442386","0x4d224452801aced8b2f0aebe155379bb5d594381","ApeCoin","APE",""
"0xf75c70411587428c0046ff8019fff8282c3bf4157825fa84cdc2afe32427c207","1659165866","2022-07-30 07:24:26","0xaf5a05ebe2d24c5c6a6be222f824a8a0c170daec","0xba12222222228d8ba445958a75a0704d566bf2c8","8,849.962367076522885602","0xbb0e17ef65f82ab018d8edd776e8dd940327b28b","Axie Infinity Shard","AXS",""
"0xf75c70411587428c0046ff8019fff8282c3bf4157825fa84cdc2afe32427c207","1659165866","2022-07-30 07:24:26","0xaf5a05ebe2d24c5c6a6be222f824a8a0c170daec","0xba12222222228d8ba445958a75a0704d566bf2c8","235,113.130928699801444886","0xf629cbd94d3791c9250152bd8dfbdf380e2a3b9c","EnjinCoin","ENJ",""
